﻿<string>
  <!--数据线面板-->
  <s id="1">来自手机的文件</s>
  <s id="2">等待手机连接</s>
  <s id="3">请在同网络下，登录相同帐号的百度云Android版本，进入"发现->数据线"，连接</s>
  <s id="4">吧～</s>
  <s id="5">扫描二维码安装最新Android版百度云</s>
  <s id="6">无需数据线 电脑手机便捷传文件</s>
  <s id="7">剩余存储空间：%s</s>
  <s id="8">断开连接</s>
  <s id="9">传文件</s>
  <s id="10">请选择文件/文件夹</s>
  <s id="11">发送文件</s>
  <s id="12">成功传输</s>
  <s id="13">个文件</s>
  <s id="14">拖拽到此传文件</s>
  <s id="15">可能由于网络原因，文件发送失败</s>
  <s id="16">重试</s>
  <s id="17">当前有文件正在传输，断开连接将停止传输，\r\n是否断开连接？</s>
  <s id="18">系统提示</s>
  <s id="19">与手机已断开连接</s>
  <s id="20">删除</s>
  <s id="21">打开文件</s>
  <s id="22">打开文件夹</s>
  <s id="23">上传到我的网盘</s>
  <s id="24">当前有文件正在传输，清空将中断传输，是否清空？</s>
  <s id="25">清空</s>
  <s id="26">取消</s>
  <s id="27">文件已添加到我的网盘传输列表</s>
  <s id="28">等待传输...</s>
  <!--错误提示文案-->
  <s id="29">本地文件路径不存在或非法</s>
  <s id="30">本地文件被占用，请关闭后再试</s>
  <s id="31">本地文件打开失败</s>
  <s id="32">本地文件读取失败</s>
  <s id="33">系统限制文件大小为4G，无法接收</s>
  <s id="34">本地空间不足，清理后再试</s>
  <s id="35">文件不存在</s>
  <s id="36">本地存储目录无权限或不存在</s>
  <s id="37">本地文件写入失败</s>
  <s id="38">传输失败</s>
  <s id="39">对方文件不存在</s>
  <!--菜单相关文案-->
  <s id="40">选择文件发送</s>
  <s id="41">清空全部</s>
  <s id="42">打开</s>
  <s id="43">删除</s>
  <s id="44">取消传输</s>
  <!--数据线提示文案-->
  <s id="100">手机搜不到这台电脑？</s>
  <s id="101">点我试试</s>
  <s id="102">去手机探测</s>
  <s id="103">网络连接失败，无法上传文件</s>
  <!--手机忘带相关文案-->
  <s id="200">连接手机</s>
  <s id="201">手机百度云“发现-手机忘带”</s>
  <s id="202">连接手机中</s>
  <s id="203">连接手机失败</s>
  <s id="204">重试</s>
  <s id="205">通话记录</s>
  <s id="206">短信</s>
  <s id="207">最近三天暂无通话记录，如果有新来电云管家会及时提醒你哟</s>
  <s id="208">最近三天暂无短信，如果有新消息云管家会及时提醒你哟</s>
  <s id="211">努力加载中</s>
  <s id="212">加载失败</s>
  <s id="213">断开连接</s>
  <s id="214">复制短信</s>
  <s id="215">短信已复制</s>
  <s id="216">切换手机</s>
  <s id="217">刷新</s>
  <s id="220">使用前请在</s>
  <s id="221">中开启该功能</s>
  <s id="222">（仅支持百度云Android端7.4及以上版本）</s>

  <s id="230">手机忘带提示</s>
  <s id="231">你的账号已在其他电脑上登录手机忘带</s>
  <s id="232">手机电量过低，可能随时关机断开连接</s>
  <s id="233">手机已与本地断开连接</s>
  <!--登录相关文案-->
  <s id="250">关闭</s>
  <s id="251">最小化</s>
  <s id="252">网络设置</s>
  <s id="253">使用合作帐号登录</s>
  <s id="254">没有百度帐号？</s>
  <s id="255">立即注册百度帐号</s>
  <s id="256">登录</s>
  <s id="257">微博登录</s>
  <s id="258">QQ登录</s>
  <s id="259">人人登录</s>
  <s id="260">记住密码</s>
  <s id="261">自动登录</s>
  <s id="262">忘记密码?</s>
  <s id="263">删除帐号信息</s>
  <s id="264">请输入帐号</s>
  <s id="265">请输入密码</s>
  <s id="266">换一张</s>
  <s id="267">请选择以何种方式登录？</s>
  <s id="268">帐号登录</s>
  <s id="269">手机号登录</s>
  <s id="270">手机号/邮箱/用户名</s>
  <!--缓存清理对话框-->
  <s id="300">释放缓存提示</s>
  <s id="301">磁盘缓存过多，清理磁盘可释放更多空间，提升网盘加载速度，是否释放缓存？</s>
  <s id="302">还剩余 %u 秒钟</s>
  <s id="303">释放完成，下次使用百度云时操作更流畅。</s>
  <s id="304">释放缓存</s>
  <s id="305">完成并退出</s>
</string>